company_name, url_name, crawled_on
DEN-JET MARINE PTE LTD,https://www.sgmaritime.com/companies/den-jet-marine-pte-ltd,2019-03-04

GLOBE MARINE ELECTRICAL PTE LTD,https://www.sgmaritime.com/companies/globe-marine-electrical-pte-ltd,2019-03-04

ROXTEC SINGAPORE PTE LTD,https://www.sgmaritime.com/companies/roxtec-singapore-pte-ltd,2019-03-04

ASP SHIP MANAGEMENT GROUP,https://www.sgmaritime.com/companies/asp-ship-management-group,2019-03-04

BENG HUI MARINE ELECTRICAL PTE LTD,https://www.sgmaritime.com/companies/beng-hui-marine-electrical-pte-ltd,2019-03-04

CABLE SOURCE PTE LTD,https://www.sgmaritime.com/companies/cable-source-pte-ltd,2019-03-04

CHEE CHEE &amp;amp; CO PTE LTD,https://www.sgmaritime.com/companies/chee-chee-co-pte-ltd,2019-03-04

CITISAFE PTE LTD,https://www.sgmaritime.com/companies/citisafe-pte-ltd,2019-03-04

CROWCON DETECTION INSTRUMENTS LTD,https://www.sgmaritime.com/companies/crowcon-detection-instruments-ltd,2019-03-04

ECHELON ENGINEERING PTE LTD,https://www.sgmaritime.com/companies/echelon-engineering-pte-ltd,2019-03-04
